3811;00116
3814;011566
3815;0116
3816;11566
3817;11566лак
3818;11592
3820;14192
3821;23115
3822;23118
3823;23119
3825;35117
3826;35117лак
3827;35118
3828;35119
3829;35119лак
3835;465
3837;467
3843;109/1
3845;109/2
3848;106108
3850;109
3856;109/4
3857;109/5
3860;160/5
3862;452/2
3863;454/1
3864;454/2
3865;454/3
3866;454
3868;456/0
3869;456/1
3870;456/2
3871;456/3
3872;456
3883;456/4
3885;109/6
3886;87106
3887;109/7
3955;1221
3956;1222
3957;1224
3958;1225
3959;1226
3960;1231
3961;1232
3962;1233
3963;1234
3964;1235
3965;1236
3966;452/3
3967;452
3968;455/1
3969;473
3995;60115р36/39
3996;60116р36/39
3997;0/1
3998;0/10
3999;0010
4000;1/10
4001;1/2
4002;1/3
4003;1/4
4004;1/5
4006;1/8
4007;1/9
4008;1
4010;10/2
4011;10/3
4012;10/5
4013;489/1
4014;489/3
4015;489/4
4016;489/5
4017;489/6
4018;489/8
4019;489/9
4020;489
4081;00112
4096;112/5
4120;112/3
4121;112/4
4122;112/6
4124;112/8
4134;483/0
4135;483/1
4136;483/2
4137;483/3
4138;483/4
4139;483/5
4140;483/7
4141;483
4142;484/0
4143;484/1
4144;484/2
4145;484/3
4146;484/4
4147;484/5
4148;484/6
4149;484/7
4150;484/8
4151;0/8
4152;00/7
4153;002
4155;008
4156;02
4157;11/1
4158;11/2
4159;11/3
4160;11/4
4161;11/5
4162;11/6
4163;11/7
4164;11
4165;13/1
4166;13/2
4167;13/3
4168;13/4
4169;13/7
4170;17/2
4171;17/3
4172;17/4
4173;17/7
4174;17
4175;18/1
4176;18
4177;2/0
4178;2/1
4179;2/2
4180;2/3
4181;2/4
4182;2/5
4184;2/7
4187;2
4188;3
4189;4
4198;496
4199;4960
4200;6/3
4201;6/5
4202;6
4204;7/1
4205;7/2
4206;7/3
4207;7/5
4208;7/7
4209;7
4210;8/3
4211;8/4
4212;8/5
4213;8/7
4214;8
4215;9/1
4216;9/2
4217;9/3
4218;9/4
4219;9/5
4220;9/7
4221;9
4222;14226в
4223;223св
4224;3178в
4226;461/2в
4228;461/4в
4229;461/5в
4230;461в
4231;487/3в
4232;493в
4233;494в
4234;495в
4394;0125/0
4395;01878
4396;0450
4397;0451
4399;125/1
4400;125
4401;125/3
4402;141
4403;14226
4405;145
4410;18120
4411;181200
4412;18121
4413;181210
4414;18780
4415;30104
4416;125/0
4417;125/4
4429;450
4430;451
4432;457/1
4433;457/2
4434;457/3
4435;457/4
4436;457/5
4437;457/6
4438;457/7
4439;457
4444;463/5
4445;463
4447;464/5
4448;469/0
4449;469/2
4450;4691
4451;472/1
4452;472
4453;480/0
4454;480/3
4455;480
4456;7447
4457;7778
4458;77780
4459;86104
4460;861040
4463;111/1
4465;111
4466;461/1
4467;461/2
4469;461/4
4470;461/5
4472;481/1
4473;481/2
4474;481/4
4475;481/5
4476;481/7
4477;481
4478;482/3
4479;482/5
4480;482/7
4481;482
4482;00485
4483;00486
4484;0485
4485;0486
4486;485/1
4487;485/2
4488;485/3
4489;485/4
4490;485/6
4491;485
4492;486/0
4493;486/1
4494;486/2
4495;486/3
4496;486/4
4497;486/5
4499;486/8
4500;486/9
4501;486
4502;0469
4503;00469
4530;469/3
4532;469/5
4537;490
4539;981100
4634;00499
4920;499
4921;499/3
4922;499/0
4925;499/2
4926;500/2
4928;500/5
4929;518
4932;500
4933;517/0
4934;464/0
4935;0490
4936;490/7
4937;521/0
4938;521
4939;522/0
4940;523
4941;0523
4942;523/0
4943;523/2
4944;523/3
4945;490/2
4946;490/0
4947;490/1
4948;0525
4949;525/3
4950;525/7
4951;525/0
4952;525/2
4953;525
4954;00524
4955;524/2
4956;524/0
4957;14
4958;14/1
4966;141 зима
4967;222
4969;161
4970;222с
4971;223
4972;223с
4973;310
4978;320
4979;3200
4980;327
4981;03260
4982;3260
4983;326
4984;330
4985;3270
4986;331
4987;332
4990;335
4992;441
4993;445
4994;445с
4995;446
4996;446с
4997;501
4998;502
4999;0501
5001;502с
5002;502/1
5003;0502
5004;504
5005;505
5006;506
5007;507
5008;508
5009;509
5010;0508
5011;509/0
5012;509/1
5013;509/3
5014;511
5015;5110
5016;512/1
5017;511/1
5018;511/2
5019;511/3
5021;512
5022;5120
5023;514
5024;515/1
5025;515/2
5026;515/3
5027;515/4
5028;515/5
5029;515/6
5030;516/3
5031;516/0
5032;516/5
5033;516/7
5034;0516
5035;05160
5036;3122
5037;3123
5038;3126
5039;3128
5040;031260
5041;3129
5042;31290
5046;5100
5048;5999
5049;31126
5050;31128с
5051;31129
5052;31178
5053;31840
5054;31842
5055;3184
5056;311280
5057;311780
5058;0311280
5059;59199
5060;0311780
5061;59990
5062;591990
5063;0223
5064;00223
5065;514/1
5066;0514
5067;514/0
5068;0509/0
5069;502/0
5070;520
5071;0519
5072;519
5073;498/1
5074;498/7
5075;536
5076;535
5077;116/1лак
5078;0536
5079;0535
5080;535/2лак
5081;536/1лак
5082;517
5083;19
5084;19/0
5085;19/3
5086;071
5087;71/1
5088;71/0
5089;71
5090;71/3
5092;534/3
5093;534/7
5094;1412
5095;534
5096;527/3
5097;527/0
5098;527
5099;526
5100;526/0
5104;0526
5105;526/2
5109;05210
5110;0521
5113;05280к
5114;528
5115;530
5116;531
5118;528/2
5120;14В
5121;313В
5122;539/3В
5123;529
5124;529/1
5125;533/4
5126;532
5127;0335
5128;533/2
5129;335/3
5131;533/7
5132;0540
5133;54/0
5134;80
5135;061/0
5136;514/3
5137;0790
5138;80/0
5139;54
5140;0800
5141;05160/2
5142;0140
5143;79/0
5144;79
5145;61
5146;61/3
5147;61/0
5148;516/8
5149;516/77
5154;509/33
5155;516/33
5156;01710
5157;171/0
5158;520/4
5159;520/6
5160;520/0
5161;520/3
5162;0520/0
5163;520/00
5164;171
5165;0516/1
5167;538
5168;5380
5169;537/2
5170;537/1
5171;537
5172;537/3
5173;0537
5174;514/2
5175;0529
5176;109/0
5177;1413
5178;74471
5180;541/3
5181;541
5182;541/0
5183;541/2
5184;0541/0
5185;540/2
5186;541/7
5187;540/30
5188;0540/0
5189;540/3
5190;109В
5191;517/7
5192;0517/0
5193;517/4
5194;0145/0
5195;544
5196;545
5197;530/7
5198;530/4
5199;0530/0
5200;543
5202;0543
5203;0542
5204;542
5205;542/30
5206;546
5207;0546
5208;546/0
5209;0546/0
5210;543/0
5211;542/0
5212;543/2
5213;0543/0
5214;0544/0
5215;545/1
5216;528/3
5217;0538зима
5219;476зима
5220;546зима(велюр)
5222;549зима
5223;0450к
5224;4078
5225;4121
5226;450к
5227;450/1
5228;450/2к
5229;0538/0зима
5230;0551зима
5231;0551/0зима
5232;0552зима
5233;0552/0зима
5234;556зима
5235;552/0зима
5237;550зима
5238;551зима
5239;551/0зима
5240;552зима
5241;553зима
5242;553/0зима
5243;554зима
5244;00563
5245;0115
5246;0116/1
5247;0467
5248;0563/0
5249;0563
5251;116/10
5253;116/3
5254;116/5
5255;116/6
5257;116/8
5258;116/9
5259;117/1
5261;117
5262;118
5263;166/4
5264;467/1
5265;535велюр
5267;535/4
5268;535/5
5269;535/6
5270;536/2
5271;563/0
5273;563
5277;00596
5278;0261/0
5280;0261/1
5281;0261
5282;0555/0
5284;0555
5285;0558/0
5286;0558
5287;0596
5288;261/0
5289;261/1
5290;261/10
5291;261/2
5292;261/3
5293;261/30
5294;261
5296;555/0
5297;555/07
5298;555/2
5299;555/20
5300;555/3
5301;555/30
5302;555/33
5303;555/5
5304;555/53
5305;555/7
5306;555
5307;557/07
5308;557/3
5309;557/53
5310;557/57
5311;557/7
5312;557
5313;558/0
5314;558/1
5315;558/2
5316;558/3
5317;558/30
5318;558/4
5319;558/5
5320;558/6
5321;558/7
5322;558
5323;595/4
5324;595
5326;596/2
5327;596/3
5328;596/7
5329;596/9
5330;596
5332;0517/1
5333;0560/0
5334;0560/1
5335;0560
5336;0562/0
5337;0562
5338;0568/0
5339;0568/1
5340;0568
5341;517/2
5342;517/5
5343;517/6
5344;517/8
5345;544/2
5346;544/33
5347;544/5
5348;544/6
5349;544/70
5350;544/8
5351;560кр
5352;560/0
5353;560/00
5354;560/2
5355;560/20
5356;560/3кр
5357;560/3
5358;560/30
5359;560/6
5360;560
5361;562/0
5362;562/30
5363;562
5364;565
5365;566/0
5367;566/2
5368;566/4
5373;568кр
5374;568/0
5375;568/2
5376;568/20
5377;568/3кр
5378;568/3
5379;568/30
5380;568/33
5381;568/9
5382;568
5386;598/2
5387;598
5389;00564/0
5390;00564/1
5391;0564
5392;564/2
5393;564/3
5394;564/4
5395;564/7
5396;564
5397;00594/0
5398;00594
5399;0531/1
5400;0559/0
5401;0559
5402;0561/0
5403;0561
5404;0594/0
5405;0594
5406;531/2
5408;559/0
5409;559/1
5410;559/2
5411;559/3
5412;559/30
5413;559/5
5414;559/7
5415;559
5416;561/0
5417;561/3
5418;561/30
5419;561/4
5420;561
5421;594/0
5422;594/2
5423;594/20
5424;594/3
5425;594/30
5426;594/4
5427;594/7
5428;594
5430;0016/0
5431;0016
5432;0111/4л
5433;016/0
5435;016
5436;0486/1
5438;16к
5439;16/0
5441;16/20
5442;16/3к
5444;16/30
5445;16/33
5446;16/4
5447;16/5
5448;16/6
5449;16/7
5450;16
5451;00574
5453;00575/1
5454;00575
5455;00581/1
5456;00581
5457;00582/1
5458;00582
5459;00584
5460;00588
5461;00589
5462;00591
5463;006/1
5465;011
5466;0574
5467;0575кр
5468;0575/33
5469;0575
5470;0581
5471;0582
5472;0584
5473;0588/1
5474;0588/2
5475;0588
5476;0589
5477;0590/1
5478;0590
5479;0591
5480;06/1
5481;06/2
5482;10/6
5483;574/2
5484;574/20
5485;574/3
5486;574/33
5487;574/4
5488;574/5
5489;574/6
5490;574/7
5491;574/8
5492;574/9
5493;574
5494;575/07
5495;575/20
5496;575/3
5497;575/32
5498;575/33
5499;575/4
5500;575/5
5501;575/7
5502;575/77
5503;575
5504;581/2
5505;581/3
5506;581/4
5507;581/7
5508;581/70
5509;581
5510;582/2
5511;582/3
5512;582/4
5513;582/5
5514;582/6
5515;582/7
5516;582/70
5517;582
5518;584/2
5519;584/3
5520;584/4
5521;584/5
5522;584/6
5523;584/7
5524;584/8
5525;584/9
5526;584
5527;588/1
5528;588/3
5529;588/4
5530;588/7
5531;588
5532;589/4
5533;589
5534;590/4
5535;590/7
5536;590
5537;591/2
5538;591/4
5539;591/7
5540;591
5541;6/0
5542;6/01
5543;6/1
5544;6/2
5545;6/33
5550;00578/1
5551;00578
5552;00583
5556;0576/0
5557;0578кр
5559;0578
5560;0583
5562;10/1
5564;10/9
5586;00444/0
5587;00444
5588;00487
5589;00570/0
5590;00570
5591;0444/0
5592;0444
5593;0487/1
5594;0487
5595;0570/0
5596;0570
5597;0585
5598;444/3
5599;444/4
5600;444/7
5601;444
5602;487/0
5603;487/2
5604;487/3
5605;487
5606;570c
5607;570/0
5608;570/1
5609;570/2
5610;570/3
5611;570/30
5612;570/33
5613;570/4
5614;570/5
5615;570/6
5616;570/9
5617;570
5618;585
5619;0032кр
5620;0032/0
5621;0032/2
5622;0032
5627;00576/0
5628;00576/1
5629;00578/0
5632;00580/0
5633;00580/01
5634;00580/1
5635;00580
5637;010кр
5638;010/0
5640;032кр
5641;032/1
5642;032/2
5643;032
5649;0577
5653;0580кр
5654;0580/0
5655;0580/1
5656;0580
5659;10/0
5663;32/0
5664;32/1
5665;32/2
5666;32/3
5667;32/30
5668;32/33
5669;32
5683;576кр
5684;576/1
5685;576/20
5686;576/3кр
5687;576/33
5688;576/51
5689;576/7
5690;577
5691;578кр
5692;578/01
5693;578/1
5694;578/2
5695;578/20
5696;578/3кр
5697;578/3
5698;578/33
5699;578/9
5700;578
5701;580кр
5702;580/0
5703;580/07
5704;580/20
5705;580/30
5706;580/33
5707;580/5
5708;580/7
5709;580/9
5710;580
5711;583/3
5712;583/4
5713;583/8
5714;583
5718;0061крл
5719;0061л
5720;0061/0л
5721;061л
5722;061/0л
5724;061/1л
5725;61крл
5726;61л
5727;61/0л
5728;61/2л
5729;61/20л
5730;61/30л
5731;61/33л
5732;61/6л
5733;00567
5734;00586
5735;0567
5736;34
5737;567
5738;579
5739;586
5740;558/33
5741;00603
5743;0603/0
5744;0603
5745;598/3
5747;603/2
5748;603/3
5749;603/30
5750;603
5751;00615/1
5752;0604/0
5753;0605/0
5755;604/2
5756;604
5757;605/0
5758;605/2
5759;605/70
5760;615/03
5761;615/3
5762;615/33
5763;615/6
5764;615/70
5765;615
5766;00614/1
5767;00614
5768;00616
5769;0614/0
5770;0614
5771;0616/0
5772;614/03
5773;614/2
5774;614/3
5775;614/70
5776;614
5777;616/33
5778;616/4
5779;616/5
5780;616/7
5781;005
5782;05/0
5783;5/0
5784;5/03
5785;5/1
5786;5/10
5787;5/2
5788;5/3
5789;5/30
5790;5/5
5791;5/6
5792;5/7
5793;5/8
5794;5/9
5795;5
5796;0601/0
5797;601/0
5798;601/07
5799;601/2
5800;601/3
5801;601/30
5802;601
5803;0628
5804;0630
5805;628
5806;630
5807;631
5808;632/1
5809;632
5810;633
5811;0011 жен
5812;0012 жен
5813;11/2 жен
5814;11/3 жен
5815;11/4 жен
5817;12/2 жен
5818;12/3 жен
5819;12/4 жен
5821;13/33 жен
5822;14/33 жен
5823;00620 (раз. 36/39)
5824;00621 (раз. 36/39)
5825;00622 (раз. 36/39)
5826;00623 (раз. 36/39)
5827;0620 (раз. 36/39)
5828;0621 (раз. 36/39)
5829;0622 (раз. 36/39)
5830;0625 (раз. 36/39)
5831;620 (раз. 36/39)
5832;620/2 (раз. 36/39)
5833;621 (раз. 36/39)
5834;623 (раз. 36/39)
5835;624 (раз. 36/39)
5836;625 (раз. 36/39)
5837;028/1
5838;0626 кр
5839;0626/1 кр
5840;28/1
5841;626 кр
5842;626/1 кр
5843;626/3 кр
5844;626
5845;74
5846;0627
5847;0629/0
5848;0629
5849;627/2
5850;627/20
5851;627/30
5852;627/4
5853;627
5854;629/2
5855;629/20
5856;629/30
5857;629/4
5858;00618
5859;0618
5860;0619
5861;618/2
5862;618/5
5863;618/7
5864;618
5865;619/2
5866;619/3
5867;619/4
5868;619/7
5869;619
5871;0128
5873;0441/0
5874;0504
5875;0509
5876;0515
5877;0516/01
5878;0516/2
5880;0538/01
5881;0538/1
5882;054
5883;0542/0
5884;0543/01
5885;0546/1
5886;0552/1
5887;0556
5888;0638 кр зима
5889;0606/0
5890;0606/01
5891;0606/1
5892;0606
5893;0607
5894;0608 зима
5895;0609/1
5896;0609
5897;0610/1
5898;0610/2
5899;0610
5900;0612/1
5901;0612
5902;0613
5903;080/01
5905;128/3
5906;128/5
5907;128
5908;14/2
5909;161/0
5910;161/2
5912;2628
5913;2629
5915;441/0
5916;441/1
5917;504/1
5918;509/01
5919;509/2
5920;510/1
5921;510
5922;511/01
5923;511/33
5924;511/4
5925;514/4
5926;514/5
5927;515/8
5928;516
5929;520/01
5930;520/5
5931;529/2
5932;532/1
5933;533
5934;537/4
5935;537/5
5936;538/2
5937;54/01
5938;54/2
5939;542/01
5940;543/01
5941;546/00
5942;552/01
5943;552/1
5945;556/2
5946;638/2 кр зима
5947;638/3 кр зима
5948;638/4 зима
5949;638/5 зима
5950;638 зима
5951;606/0
5952;606/1
5953;606/20
5954;606/3
5955;606/30
5956;606/5
5957;606/6
5958;606/8
5959;606
5960;607/0
5961;607/1
5962;607
5963;608/0
5965;608
5966;609/30
5967;609/33
5968;609/4
5969;609/5
5970;609
5971;610/0
5972;610/3
5973;610/30
5974;610/4
5975;610/5
5976;610
5977;611/0
5978;611/1
5979;611
5980;612/1
5981;612/3
5982;612/4
5983;612/5
5984;612
5985;613/1 кр зима
5986;613/20 кр зима
5987;613
5988;617
5989;635
5990;79/1
5991;80/01
5992;618/3
5993;116
5994;632/2
5995;015жен байка
5996;018жен зима
5997;14/8 жен
5998;15/8жен байка
5999;15жен байка
6000;17/01 жен зима
6001;17/1 жен зима
6002;17/0жен зима
6003;17жен зима
6004;18/8жен зима
6005;18жен зима
6006;261/9
6007;517/9
6008;558/9
6009;596/9
6010;28/2
6011;450/2
6012;626/1
6013;78
6014;0636/0
6015;521/8
6016;531/8
6017;605/8
6018;605/9
6019;627/8
6020;629/8
6021;636/0
6022;636/8
6023;636
6024;0613/0
6025;0635
6026;613/3 кр
6027;613/5 кр
6028;0637/0 (раз. 36/41)
6029;637 (раз. 36/41)
6030;637/0 (раз. 36/41)
6031;637/2 (раз. 36/41)
6032;637/3 (раз. 36/41)
6033;637/4 (раз. 36/41)
6034;637/7 (раз. 36/41)
6035;0639/0
6036;0639/1
6037;0639
6038;0640
6039;0641/0
6041;0645/1
6042;0645
6044;0647
6045;538/1
6046;551/2
6047;639/0
6048;639/01
6049;639/1
6050;639/2
6051;639
6052;640/0
6053;640/01
6054;640
6055;641/0
6057;641/02
6059;641/2
6060;641/4
6061;641/5
6062;641
6063;643/0
6064;643
6065;645/0
6066;645/1
6067;645
6068;646/0
6069;646
6070;647/0
6071;647
6072;648
6073;649/0
6077;661/0
6079;661
6082;0116/3
6084;116/4
6094;0653
6095;0655/0
6096;0663/0
6097;0663
6098;653/0
6099;653/3
6100;653/30
6101;653/4
6102;653/5
6103;653
6104;654/0
6105;654/2
6106;654/3
6107;654/4
6108;654/5
6109;654/6
6110;654/8
6111;654
6112;655/0
6113;655/01
6114;655/3
6115;655/4
6116;655/5
6117;655
6118;656/0
6119;656/01
6120;656/2
6121;656/3
6122;656
6123;658/0
6124;658/5
6125;658/8
6126;658
6127;663/0
6128;663/2
6129;663/3
6130;663/4
6131;663
6132;665/2
6133;665/3
6134;665/5
6135;665/7
6136;665
6137;703
6138;714
6140;0652
6141;0666
6143;0702 кр
6144;0707/0
6145;0710/1
6146;0710
6147;0711
6149;469/9
6150;566/5
6151;602
6152;626/11
6153;650
6154;651/0
6155;652/2
6156;652
6157;664/0
6158;664/20
6159;664/8
6160;664/9
6161;664
6162;666
6163;666/20
6164;666/5
6170;687
6171;695
6172;702/0
6173;702/2
6176;702/9
6177;702
6178;704/3
6179;707/1
6180;707/2 кр
6181;707/3 кр
6182;707/0
6183;710/2
6184;710/3
6185;710
6188;711/9
6189;711
6190;0708
6191;708/1
6192;708/2
6193;708/22
6194;708/5
6195;708/7
6196;708
6197;713
6198;714/6
6201;0705/0
6202;0706
6204;657/0
6205;657/3
6206;657
6207;688/0
6208;688
6217;705/12
6219;705/3
6220;705/30
6221;705/5
6222;705/9
6223;705
6224;706/3
6225;706/6
6226;706
6231;0720кр
6232;717/0
6233;717/33
6234;717
6235;720/0
6236;720/2кр
6237;720/3кр
6238;720
6239;708/4
6240;720/33
6241;00669/0
6242;00698
6243;0670/0
6244;0674/1
6245;0676/0
6246;0676
6247;10/11
6248;10/12
6249;10/14
6250;10/22
6251;575/6
6252;575/8
6253;575/9
6254;580/11
6255;580/12
6256;580/15
6257;583/11
6258;583/12
6259;583/2
6260;669/2
6261;669/3
6262;669/4
6263;669/5
6264;669/6
6265;669
6266;670/2
6267;670/4
6268;670/5
6269;670/8
6270;670/9
6271;670
6272;674/6
6273;676/3
6274;676
6275;698/14
6276;698/22
6277;698/2а
6278;698/4
6279;698/5
6280;698/6
6281;698
6282;676/1
6283;00668/0
6284;0668/0
6285;0692
6286;444/11
6287;444/14
6288;444/15
6289;444/17
6291;444/9
6292;570/11
6293;570/12
6294;570/15
6295;570/22
6296;668/0
6297;668/30
6298;668/6
6299;681/11
6300;681/2
6301;681/9
6302;577/11
6303;577/17
6304;577/2
6305;577/5
6306;577/9
6307;689/2
6308;689
6309;690/5
6310;692
6311;112/11
6312;112/2
6313;112/9
6314;16/11
6315;16/12
6316;16/15
6317;16/17
6318;16/18
6319;16/22
6320;16/55
6326;691/6
6327;691
6329;61/11/лето
6330;61/12лето
6331;61/15/лето
6332;61/22лето
6333;61/44/лето
6334;61/9/лето
6338;0671/0
6339;0678/0
6340;0678/1
6341;0679/1
6342;0700
6343;671/11
6344;671/3
6345;671/6
6346;671
6347;675/2
6348;675/22
6349;675/5
6350;675/6
6351;675/8
6352;675/9
6353;677/3
6354;677/4
6355;678/3
6356;678/5
6357;678
6358;679/12
6359;679/3
6360;679/5
6361;679
6362;699
6363;700/0
6364;700/2
6365;700/3
6366;700/7
6367;700/9
6368;700
6369;8/15
6370;8/2
6371;8/44
6372;8/6
6373;8/9
6374;00709
6375;0715
6376;683/2
6377;684
6378;0590/0
6379;0672
6380;0673/0
6381;0675/0
6382;0680
6383;11/8
6384;11/9
6385;581/10
6386;581/6
6387;581/9
6388;590/0
6389;6/10
6390;6/4
6391;6/8
6392;6/9
6393;671/2
6394;671/4
6395;672/15
6396;672/2
6397;672/4
6398;672/5
6399;673/11
6400;673/16
6401;673/3
6402;673/7
6403;673
6404;675/1
6405;675/3
6406;675/4
6407;677/2
6408;677/5
6409;677/8
6410;677/9
6411;677
6412;680/11
6413;680/13
6414;680/2
6415;680/3
6416;680/4
6417;680/7
6418;680
6420;727/0
6421;727/01
6422;727/3
6423;727/30
6424;0725/0
6425;725/0
6426;725/30
6427;725
6429;14/6 жен
6430;19/2 жен
6431;20/8/жен
6432;21/4/жен
6434;23/0/жен
6435;24/жен
6437;724/1
6438;724
6439;729/0
6440;729/01
6441;729/3
6442;729/30
6444;722/4
6448;0719/0
6449;0719
6450;718/1
6451;718/2
6452;718
6453;719/0
6454;719/1
6455;719/3
6456;719/30
6457;719/9
6458;719
6459;0718
6460;0721
6461;0726
6462;718/0
6463;721/кр
6464;721/0
6465;721/1
6466;721/2
6467;721/3
6469;721/9
6470;721
6471;726
6472;166/11
6473;00728
6474;00730
6475;0728
6476;0730
6477;728/3
6478;728
6479;730/3
6480;730
6481;731/12
6482;731/8
6483;731
6484;0/3
6485;003/1
6486;0733
6487;3/1
6488;3/3
6489;3/9
6490;733/11
6491;733/22
6492;733/3
6493;733/4
6494;733/9
6495;733
6498;30 жен
6499;30/1 жен
6500;30/2 жен
6501;30/3 жен
6502;30/4 жен
6503;024 жен
6504;028/8 жен
6505;23/7 жен
6509;27/8 жен
6510;28/8 жен
6511;14 жен
6512;14/1 жен
6513;14/4 жен
6514;14/5 жен
6515;20/7 жен
6516;21 жен
6517;21/2 жен
6518;21/3 жен
6519;21/5 жен
6520;26 жен
6521;26/14 жен
6523;26/33 жен
6526;558/10
6527;558/8
6528;724/0
6529;724/3
6530;727
6531;00757
6532;0757/1
6533;0757
6534;0757кр
6535;757/2
6536;757/3
6537;757/4
6538;757/6
6539;757/9
6540;757
6542;029жен
6543;29жен
6544;30/5жен
6545;30/6жен
6546;30/7жен
6547;31/4 жен
6548;31 жен
6549;00758 байка
6550;0759 кр байка
6551;0770 кр байка
6552;747/2 кр байка
6553;758/2 кр байка
6554;758/4 байка
6555;759/1 байка
6556;759/3 кр байка
6557;0732 кр зима
6558;0734 кр зима
6559;0738 кр зима
6560;0739 кр зима
6561;0744/0 зима
6562;0749 кр зима
6563;0750/0 зима
6564;0754 кр зима
6565;0755/0 зима
6566;0756 кр зима
6567;0769 кр зима
6568;0770 кр зима
6569;732/1 зима
6570;732/2 кр зима
6571;732/4 зима
6573;735 зима
6574;735/0 зима
6575;736/2 кр зима
6576;736/4 зима
6577;737/1 зима
6578;737/4 зима
6579;738/1 зима
6580;738/4 зима
6581;739/1 зима
6582;739/3 кр зима
6583;740/1 зима
6584;740/30 зима
6585;740/4 зима
6586;741 кр зима
6587;742 зима
6588;743 кр зима
6589;743/2 кр зима
6590;734/3 кр зима
6591;744 зима
6593;745 зима
6594;746 зима
6595;747/2 кр зима
6596;749 кр зима
6597;749/4 зима
6598;751 зима
6599;751/0 зима
6600;752/2 кр зима
6601;753 кр зима
6602;753/1 зима
6603;754/1 зима
6604;754/3 кр зима
6605;754/4 зима
6606;756/3 кр зима
6607;762 зима
6609;768/0  зима
6610;769/0 зима
6612;769/3 кр зима
6614;0738 кр зима (подростковые)
6615;0739 кр зима (подростковые)
6616;0743 кр зима (подростковые)
6617;0769 кр зима (подростковые)
6618;737 кр зима (подростковые)
6619;737/13 зима (подростковые)
6620;737/14 зима (подростковые)
6621;738 кр зима (подростковые)
6622;738/13 кр зима (подростковые)
6623;739 кр зима (подростковые)
6624;739/12 кр зима (подростковые)
6625;740 кр зима (подростковые)
6626;740/13 кр зима (подростковые)
6627;740/14 зима (подростковые)
6628;743 кр зима (подростковые)
6629;743/14 зима (подростковые)
6630;769 кр зима (подростковые)
6631;769/12 кр зима (подростковые)
6632;769/13 кр зима (подростковые)
6635;24 байка
6636;25 байка
6637;26 байка
6638;27 байка
6643;222 байка
6646;222с байка
6647;223 байка
6648;223с байка
6656;327 байка
6661;3270 байка
6668;441 байка
6680;504 байка
6681;505 байка
6682;506 байка
6684;508 байка
6686;0508 байка
6698;514 байка
6711;3122 байка
6712;3123 байка
6713;3126 байка
6714;3128 байка
6715;031260 байка
6716;3129 байка
6717;31290 байка
6739;514/1 байка
6740;0514 байка
6741;514/0 байка
6747;529 байка
6748;529/1 байка
6758;80 байка
6759;061/0 байка
6760;514/3 байка
6761;0790 байка
6767;79/0 байка
6768;79 байка
6769;61 байка
6770;61/3 байка
6771;61/0 байка
6793;514/2 байка
6794;0529 байка
6795;543 байка
6796;0543 байка
6797;0542 байка
6798;542 байка
6799;542/30 байка
6800;546 байка
6801;0546 байка
6802;546/0 байка
6803;0546/0 байка
6804;543/0 байка
6805;542/0 байка
6806;543/2 байка
6807;0543/0 байка
6811;549зима байка
6817;556зима байка
6819;550зима байка
6823;553зима байка
6824;553/0зима байка
6825;554зима байка
6828;0441/0 байка
6829;0504 байка
6838;0542/0 байка
6839;0543/01 байка
6840;0546/1 байка
6842;0556 байка
6844;0606/0 байка
6845;0606/01 байка
6846;0606/1 байка
6847;0606 байка
6848;0607 байка
6849;0608 зима байка
6857;0613 байка
6865;2626 байка
6866;2628 байка
6867;2629 байка
6868;441/0 байка
6869;441/1 байка
6870;504/1 байка
6875;511/01 байка
6876;511/33 байка
6877;511/4 байка
6878;514/4 байка
6879;514/5 байка
6884;529/2 байка
6892;542/01 байка
6893;543/01 байка
6894;546/00 байка
6898;556/2 байка
6904;606/0 байка
6905;606/1 байка
6906;606/20 байка
6907;606/3 байка
6908;606/30 байка
6909;606/5 байка
6910;606/6 байка
6911;606/8 байка
6912;606 байка
6913;607/0 байка
6914;607/1 байка
6915;607 байка
6916;608/0 байка
6918;608 байка
6930;611/0 байка
6931;611/1 байка
6932;611 байка
6938;613/1 байка
6939;613/20 байка
6940;613 байка
6941;617 байка
6942;635 байка
6943;79/1 байка
6945;0613/0 байка
6946;0635 байка
6947;613/3 байка
6948;613/5 байка
6949;0639/0 байка
6950;0639/1 байка
6951;0639 байка
6952;0640 байка
6953;0641/0 байка
6955;0645/1 байка
6956;0645 байка
6958;0647 байка
6961;639/0 байка
6962;639/01 байка
6963;639/1 байка
6964;639/2 байка
6965;639 байка
6966;640/0 байка
6967;640/01 байка
6968;640 байка
6969;641/0 байка
6971;641/02 байка
6973;641/2 байка
6974;641/4 байка
6975;641/5 байка
6976;641 байка
6979;645/0 байка
6980;645/1 байка
6981;645 байка
6982;646/0 байка
6983;646 байка
6984;647/0 байка
6985;647 байка
6986;648 байка
6991;661/0 байка
6993;661 байка
7052;727/1
7053;727/2
7054;0735 байка
7055;0745 байка
7056;0748 байка
7057;0751 байка
7058;0761 байка
7059;0768 байка
7061;745/1 байка
7062;748 байка
7064;752 байка
7067;768 байка
7069;0769 зима (подростковые)
7070;128 зима (подростковые)
7071;335 зима (подростковые)
7072;737 зима (подростковые)
7073;738 зима (подростковые)
7074;739 зима (подростковые)
7075;740 зима (подростковые)
7076;754 зима (подростковые)
7077;769 зима (подростковые)
7078;733/13
7080;0735 зима
7081;0745 зима
7082;0748 зима
7083;0749 зима
7084;0751 зима
7085;0753 зима
7086;0761 зима
7087;0762 зима
7088;0768 зима
7089;0769 зима
7090;732 зима
7091;734 зима
7094;736 зима
7095;738 зима
7096;739 зима
7097;740 зима
7098;743 зима
7099;745/1 зима
7100;748 зима
7102;752 зима
7103;753 зима
7104;753/6 зима
7105;756 зима
7106;759 зима
7109;768 зима
7110;769 зима
7111;770 зима
7114;24/1
7115;19/4 жен
7116;31/3 жен
7117;31/33 жен
7118;31/5 жен
7119;31/7 жен
7120;31/8 жен
7121;0038
7122;035
7123;039
7124;041/1
7125;041
7126;045
7127;047
7128;050
7129;051
7130;052
7132;056
7133;057
7134;15/1
7135;15/2
7136;35/1
7137;35/3
7138;35
7140;36/2
7141;36/8
7142;36
7143;37/1
7144;37
7145;38/4
7146;38
7147;40/5
7148;40/7
7149;40
7150;41/0
7151;41/1
7152;41/18
7153;41/4
7154;41/5
7155;41/8
7156;41
7157;43/0
7158;43/1
7159;43/8
7160;43
7161;44/0
7163;44/3
7164;44/5
7165;44/9
7166;44
7167;45/0
7168;45/8
7169;45
7170;46/0
7171;46/01
7172;46/1
7173;46/5
7174;46/7
7175;46
7176;47/1
7177;47/2
7178;47
7180;50/0
7181;50/3
7182;50
7183;51/0
7184;51/3
7185;51
7186;52/0
7187;52/3
7188;52
7189;53
7190;55
7191;56/3
7193;56
7194;57/0
7195;57/01
7196;57/3
7198;050 байка
7199;0038 байка
7200;035 байка
7201;039 байка
7202;041/1 байка
7203;041 байка
7204;045 байка
7205;047 байка
7206;051 байка
7207;052 байка
7209;056 байка
7210;057 байка
7211;15/1 байка
7212;15/2 байка
7213;35/1 байка
7214;35/3 байка
7215;35 байка
7217;36/2 байка
7218;36/8 байка
7219;36 байка
7220;37/1 байка
7221;37 байка
7222;38/4 байка
7223;38 байка
7225;40/5 байка
7226;40/7 байка
7227;40 байка
7228;41/0 байка
7229;41/1 байка
7230;41/18 байка
7231;41/4 байка
7232;41/5 байка
7233;41/8 байка
7234;41 байка
7235;43/0 байка
7236;43/1 байка
7237;43/8 байка
7238;43 байка
7239;44/0 байка
7241;44/3 байка
7242;44/5 байка
7243;44/9 байка
7244;44 байка
7245;45/0 байка
7246;45/8 байка
7247;45 байка
7248;46/0 байка
7249;46/01 байка
7250;46/1 байка
7251;46/5 байка
7252;46/7 байка
7253;46 байка
7254;47/1 байка
7255;47/2 байка
7256;47 байка
7258;50/0 байка
7259;50/3 байка
7260;50 байка
7261;51/0 байка
7262;51/3 байка
7263;51 байка
7264;52/0 байка
7265;52/3 байка
7266;52 байка
7267;53 байка
7268;55 байка
7269;56/3 байка
7271;56 байка
7272;57/0 байка
7273;57/01 байка
7274;57/3 байка
7276;0775
7277;0776/1
7278;0776
7279;116/13
7280;775/2
7281;775
7282;776/1
7283;776/2
7284;776/3
7285;776/4
7286;776
7287;774
7288;059жен
7289;59/2жен
7290;59/4жен
7291;59/5жен
7292;59/6жен
7293;59/7жен
7294;59жен
7295;60/1жен
7296;60/3жен
7297;60/4жен
7298;60/5жен
7299;60жен
7300;059 байка
7301;59/2 байка
7302;59/4 байка
7303;59/5 байка
7304;59/6 байка
7305;59/7 байка
7306;59 байка
7307;60/1 байка
7308;60/3 байка
7309;60/4 байка
7310;60/5 байка
7311;60 байка
7312;00782
7313;779/2
7314;780/3
7315;780
7316;782/3
7317;517/1
7318;517/10
7319;517/22
7320;781/4
7321;781
7322;0813/1
7323;0783
7324;813/6
7325;782/1
7326;782/2
7327;783
7328;887
7329;0890
7330;708/9
7331;714/1
7332;779/1
7333;886/1
7334;886/2
7335;886/6
7336;890/3
7337;890
7338;222/1
7339;223/1
7341;0024
7342;29/1 байка
7344;00780
7345;780/4
7346;782/4
7347;900/1
7348;00899
7349;0898
7350;0899
7351;898/0
7352;898/1
7353;898
7354;899/0
7355;899
7356;00596/1
7357;00655
7358;596/4
7359;655/1
7360;886/3
7361;886/4
7362;887/1
7363;887/2
7364;890/4
7366;00901
7367;0901
7368;901/4
7369;892/4
7370;19 В
7371;685 В
7372;896 В
7373;902 кр зима (подростковые)
7374;0027 жен
7375;27 жен
7376;27/7 жен
7377;65 жен (байка)
7379;64 жен
7381;69 жен
7382;00896
7383;00910
7384;00911
7385;00912
7386;00913
7387;00914
7388;00915
7389;00916
7390;0896
7391;0910
7393;0911
7394;0912
7395;0913
7396;0914
7397;0915
7398;0916
7399;116/14
7400;116/15
7401;116/16
7402;896
7403;910/1
7404;910/2
7405;910/3
7406;910/4
7407;910
7409;911/2
7410;911
7411;912
7412;913/1
7413;913
7414;914/3
7415;914
7416;915/1
7417;915/2
7418;915
7419;916/1
7420;916/14
7421;916/15
7422;916/2
7423;916
7424;0926
7425;926
7426;00903
7427;00904
7428;00905
7429;667/33
7430;667/8
7432;903
7433;904/0
7434;904/8
7435;904
7436;905/0
7437;00890
7438;00906
7439;00907
7440;00909
7441;0906
7442;0907
7443;0909
7444;906/1
7445;906
7446;907/0
7447;907/3
7448;907
7449;909/3
7450;909/6
7451;909
7452;00778
7453;00891
7454;00893
7455;00894
7456;00895
7457;00922
7458;00923
7459;893/3
7460;893/4
7461;894/4
7462;895/1
7463;895/4
7464;897
7466;923/0
7467;00112/1
7468;112
7471;0888/1
7472;0885кр
7473;888/9
7474;884кр
7475;885/3
7476;885/3кр
7477;885/4
7478;885/6
7479;885кр
7480;888/30
7481;888/6
7482;00774
7483;00889
7484;00892
7485;00919
7486;00920
7487;00921
7488;0889
7489;778
7490;779
7491;900
7492;780/2
7493;889
7494;892/8
7495;917
7496;918/4
7497;920
7498;921
7499;73/1жен
7500;73/2жен
7501;73/3жен
7502;73/4жен
7503;73/5жен
7504;73жен
7505;0075 жен
7506;0076 жен
7507;0078 жен
7508;75/2 жен
7509;75/4 жен
7510;75/6 жен
7511;75/7 жен
7512;75/9 жен
7513;75 жен
7514;76/4 жен
7515;76/6 жен
7516;76/9 жен
7517;76 жен
7518;78/3 жен
7519;78/7
7520;78
7521;0065байка
7522;362 байка
7523;65/4байка
7524;65/7байка
7525;71/1байка
7526;71/3байка
7527;71/9байка
7528;71байка
7529;74 байка
7530;0064жен
7531;0069жен
7532;0070жен
7534;068жен
7535;069/1жен
7536;070/1жен
7538;64/0жен
7539;64/8жен
7540;68жен
7541;69/1жен
7542;69/2жен
7543;69/3жен
7544;69/4жен
7545;70/0жен
7546;70/1жен
7547;70/2жен
7548;70жен
7549;00908
7550;663/22
7551;908/0
7552;908/3
7553;908/8
7554;908
7555;00685В
7556;00927В
7557;0539В
7558;539В
7559;912В
7560;915В
7561;0776/2
7562;776/5
7563;116/17
7564;116/18
7565;116/19
7566;914/1
7567;935/3
7568;935/8
7569;5/11
7570;928
7571;929
7572;930
7573;931
7574;932
7575;00896 В
7576;00936 В
7577;00937 В
7578;0487/0 В
7579;487 В
7580;0088 жен
7581;103/1 жен
7582;103/2 жен
7583;103/3 жен
7584;103/4 жен
7585;103/7 жен
7586;23/4 жен
7587;28/2 жен
7588;83 жен
7589;83/3 жен
7590;83/4 жен
7591;83/7 жен
7592;83/8 жен
7593;86 жен
7594;86/3 жен
7595;86/7 жен
7596;86/8 жен
7597;88/4 жен
7598;92 жен
7599;92/0 жен
7600;92/1 жен
7601;92/7 жен
7602;00104 жен
7603;0014 жен
7604;0021 жен
7605;0085 жен
7606;101 жен
7607;101/2 жен
7608;101/3 жен
7609;101/4 жен
7610;104/7 жен
7611;105/3 жен
7612;105/7 жен
7613;20/0 жен
7615;85 жен
7616;85/3 жен
7617;85/4 жен
7618;85/6 жен
7619;93 жен
7620;95/4 жен
7621;77 жен
7622;082 жен
7623;089/1 жен
7624;80 жен
7625;80/6 жен
7626;80/7 жен
7627;80/9 жен
7628;81/3 жен
7629;81/8 жен
7630;82/4 жен
7631;82/7 жен
7632;82/9 жен
7633;87 жен
7634;90 жен
7635;91 жен
7637;62 байка
7638;59/1 байка
7639;62 жен
7640;96 жен
7641;97 жен
7642;98/4 жен
7643;99/4 жен
7644;00930
7645;00931
7646;00932
7647;0928
7648;0929/0
7649;0930
7650;0931
7651;0932
7652;928/2
7653;928/3
7654;928/4
7655;928/7
7656;928/8
7657;929/2
7658;930/30
7659;929/4
7660;929/7
7661;929/9
7662;930/2
7663;930/4
7664;930/7
7665;931/2
7666;931/3
7667;931/4
7668;931/7
7669;932/2
7670;932/3
7671;932/4
7672;932/7
7673;932/8
7674;934/1
7675;934/2
7676;934
7677;100 жен
7678;94 жен
7679;95/01 жен
7681;95/5 жен
7682;95/6 жен
7683;95/8 жен
7685;106 жен
7686;106/2 жен
7687;106/3 жен
7688;106/4 жен
7689;106/6 жен
7690;106/7 жен
7691;110 жен
7692;00107/1 жен
7693;00108/1 жен
7694;0081 жен
7695;0087 жен
7696;0091/1 жен
7697;109 жен
7698;90/7 жен
7700;81/6 жен
7701;81/9 жен
7702;87/1 жен
7703;87/2 жен
7704;87/9 жен
7705;89 жен
7706;89/4 жен
7707;89/7 жен
7708;89/9 жен
7709;90/3 жен
7710;90/4 жен
7711;90/8 жен
7712;91/3 жен
7713;91/4 жен
7714;91/9 жен
7715;71/4 байка жен
7716;96/1 жен
7717;97/4 жен
7718;99 жен
7722;2/12
7723;5/16
7724;928/5
7725;928/6
7726;757 В
7727;0679 В
7728;574/33 В
7729;671 В
7730;700 В
7731;0028 жен
7732;025 жен
7733;092 жен
7734;25/33 жен
7735;25/4 жен
7737;92/33 жен
7739;0019 жен
7740;0093 жен
7741;0094/0 жен
7742;100/1 жен
7743;100/5 жен
7744;100/8 жен
7745;120 жен
7746;14/10 жен
7747;19/3 жен
7748;19/30 жен
7749;19/6 жен
7750;93/4 жен
7752;93/7 жен
7753;94/2 жен
7754;94/7 жен
7755;0077 жен
7756;77/1 жен
7757;77/2 жен
7758;00109 жен
7759;109/3 жен
7760;109/33 жен
7761;109/4 жен
7762;109/6 жен
7763;109/7 жен
7764;109/9 жен
7765;0099 жен
7766;113 жен
7767;139 жен
7768;139/33 жен
7769;139/4 жен
7770;139/7 жен
7771;99/1 жен
7772;99/3 жен
7773;99/6 жен
7778;120/4 жен
7779;120/5 жен
7781;00120 жен
7782;120/2 жен
7783;120/3 жен
7784;31/2 жен
7785;31/6 жен
7786;031/2 жен
7787;031/1 жен
7788;80/4 жен
7789;0080 жен
7791;113/1 жен
7792;96/5 жен
7793;96/9 жен
7794;96/6 жен
7795;96/2 жен
7796;96/4 жен
7797;98/6 жен
7798;98/2 жен
7799;98/3 жен
7800;96/3 жен
7801;98 жен
7802;114 жен
7803;114/2 жен
7804;114/7 жен
7805;113/2 жен
7806;113/3 жен
7807;112 жен
7808;112/4 жен
7809;112/2 жен
7810;112/3 жен
7811;97/2 жен
7812;97/3 жен
7813;97/6 жен
7814;97/8 жен
7815;118 жен
7816;517/66
7817;517/11
7818;00444/1
7819;444/1
7820;698 В
7821;00955
7822;939
7823;757/33
7824;0757/2
7825;362 жен
7826;946/0 зима
7827;946 кр зима
7828;946/4 зима
7829;946/1 зима
7831;0940 кр зима
7832;940/2 кр зима
7833;940 кр зима
7834;940/4 зима
7835;941/4 зима
7836;941 кр зима
7837;0941 зима
7838;0941 кр зима
7840;944/1 зима
7841;0944 кр зима
7842;944 кр зима
7843;942 зима
7844;942/0 зима
7845;942/2 кр зима
7846;943 кр зима
7847;0943 кр зима
7848;943/2 кр зима
7849;943/1 зима
7850;943/4 зима
7851;944/5 зима
7852;944/2 кр зима
7853;0940/1 зима
7854;0942/1 зима
7855;0946/1 зима
7857;0942 кр зима
7858;946/2 кр зима
7859;0945 зима
7860;0945 кр зима
7861;945/4 зима
7862;945/3 кр зима
7863;945/2 кр зима
7864;944/4 зима
7865;946/0 байка
7866;946 кр байка
7867;946/4 байка
7868;946/1 байка
7870;0940 кр байка
7871;940/2 кр байка
7872;940 кр байка
7873;940/4 байка
7874;941/4 байка
7875;941 кр байка
7876;0941 байка
7877;0941 кр байка
7879;944/1 байка
7880;0944 кр байка
7881;944 кр байка
7882;942 байка
7883;942/0 байка
7884;942/2 кр байка
7885;943 кр байка
7886;0943 кр байка
7887;943/2 кр байка
7888;943/1 байка
7889;943/4 байка
7890;944/5 байка
7891;944/2 кр байка
7892;0940/1 байка
7893;0942/1 байка
7894;0946/1 байка
7895;119 жен
7896;119 байка
7897;132/0 жен
7898;132/0 байка
7899;130/0 жен
7900;130/0 байка
7901;128 жен
7902;128 байка
7903;117/1 жен лак
7904;117/1 байка лак
7905;127 жен
7906;127 байка
7907;123/2 жен
7908;123/2 байка
7909;116 жен
7910;116 байка
7911;121 жен
7912;121 байка
7913;131 жен
7914;131 байка
7915;124 жен
7916;124 байка
7917;"115 жен "
7918;115 байка
7921;0126 жен
7922;0126 байка
7923;0128 жен
7924;0128 байка
7927;0123 жен
7928;0123 байка
7929;123 жен
7930;123 байка
7931;00123 жен
7932;00123 байка
7933;0131 жен
7934;0131 байка
7935;130 жен
7936;130 байка
7937;121/3 жен
7938;121/3 байка
7939;0121/1 жен
7940;0121/1 байка
7943;125/2 жен
7944;125/2 байка
7945;00126 жен
7946;00126 байка
7947;127/2 жен
7948;127/2 байка
7949;0122 жен
7950;0122 байка
7951;133 жен
7952;133 байка
7953;63/0 жен
7954;63/0 байка
7955;122/2 жен
7956;"122/2 байка "
7957;119/0 жен
7958;119/0 байка
7959;0119 жен
7960;0119 байка
7961;126 жен
7962;126 байка
7963;00128 жен
7964;00128 байка
7966;128/0 жен
7967;128/0 байка
7968;117 жен
7969;117 байка
7970;"0116 жен "
7971;0116 байка
7972;117/0 жен
7973;117/0 байка
7974;0117 жен
7975;0117 байка
7976;00116 жен
7977;00116 байка
7978;116/0 жен
7979;116/0 байка
7980;85/8 жен
7981;0118/1 жен
7982;118/2 жен
7983;934/8
7984;939/5
7985;0939/1кр
7986;939/2кр
7987;939/3кр
7988;0939кр
7989;939/33
7990;939/6
7991;00939
7992;0130
7993;0130 байка
7994;127/4
7995;127/4 байка
7996;132
7997;132 байка
7998;125/0
7999;125/0 байка
8000;0115
8001;0115 байка
8002;00122
8003;00122 байка
8004;63/5
8005;63/5 байка
8006;074
8007;074 байка
8008;74/0
8009;74/0 байка
8010;"74 "
8011;0129
8012;0129 байка
8013;00129
8014;00129 байка
8015;00134
8016;00134 байка
8017;136
8018;136 байка
8019;461/1в
8021;138/3 жен
8022;138/4 жен
8023;118/3 жен
8025;0029
8026;950/2кр
8027;0950кр
8028;950/3кр
8029;0950
8030;950
8031;950кр
8032;951
8033;0951
8034;952
8035;0952
8036;948
8037;0948
8038;948/3
8039;948/2
8040;949/3
8041;949
8042;949/2
8043;118/4 жен
8044;0137/1
8045;0137/1 байка
8046;698/6 В
8047;0947 зима
8048;947/3 зима
8049;0947 байка
8050;947/3 байка
8051;947 байка
8052;947 зима
8053;947/1 зима
8054;947/1 байка
8055;0947/1 зима
8056;0947/1 байка
8057;136/1
8058;136/1 байка
8059;136/2
8060;136/2 байка
8061;136/3
8062;136/3 байка
8063;952/1
8064;137 байка
8065;137
8066;63/2 байка
8067;63/2
8068;759/2 кр байка
8069;947/2 байка
8070;947/2 зима
8071;00151 жен
8072;151/7 жен
8073;151/4 жен
8074;152/33 жен
8075;151/33 жен
8076;00152 жен
8077;152/9 жен
8078;154/33 жен
8079;154/4 жен
8080;154/9 жен
8081;00145 байка
8082;145/9 байка
8083;0147/1 байка
8084;00148 байка
8085;148/4 байка
8086;148/0 байка
8087;148/3
8088;148 байка
8089;146/1 байка
8090;146/2
8091;00124 жен
8092;00124 байка
8093;124/0 жен
8094;124/0 байка
8095;0124 жен
8096;0124 байка
8097;"135/0 "
8098;135/0 байка
8099;"143/20 "
8100;143/20 байка
8101;0142/1
8102;0142/1 байка
8103;142/0
8104;142/0 байка
8105;142
8106;142 байка
8107;19/2
8108;19/1
8109;953
8110;0961
8111;961
8113;945/5 зима
8114;944/6 зима
8115;0944/1 зима
8116;945 зима
8117;945/22 кр зима
8118;0945/1 зима
8119;140/1 байка
8120;140/1
8121;130/1 байка
8122;130/1 жен
8123;140/0 байка
8124;140/0
8125;141/0 байка
8126;141/0
8127;141 байка
8128;141
8129;00141 байка
8130;00141
8131;00144 байка
8132;00144
8133;144 байка
8134;144
8135;144/0 байка
8136;144/0
8137;954
8138;0954
8139;145 байка
8140;145/0 байка
8141;145/4 байка
8142;145/3 байка
8143;146/0 байка
8144;146/4 байка
8145;146/5 байка
8146;148/9 байка
8147;152/2
8148;152/13
8149;152/3
8150;152
8151;0962
8152;962/0
8153;00962
8154;962/4
8155;143
8156;143 байка
8157;121/7
8158;121/7 байка
8159;133/0 байка
8160;133/0
8161;143/0 байка
8162;143/0
8163;961/3
8164;961/1
8165;0961/0
8166;961/6
8167;0961/2
8168;961/22
8169;961/4
8170;00961
8171;961/0
8172;0961/1
8174;154/2 жен
8175;00154 жен
8176;135
8177;135 байка
8178;135/20
8179;135/20 байка
8180;0135
8181;0135 байка
8182;0135/0
8183;0135/0 байка
8184;133/1
8185;133/1 байка
8186;147/0 байка
8187;147 байка
8188;0147/0 байка
8189;00147 байка
8190;0140
8191;0140 байка
8192;0128/1 жен
8193;0128/1 байка
8194;0119/1
8195;0119/1 байка
8196;0126/1
8197;0126/1 байка
8198;0117/1
8199;0117/1 байка
8200;137/1
8201;137/1 байка
8202;137/0
8203;137/0 байка
8204;140
8205;140 байка
8206;156
8207;157
8208;150
8209;156/33
8210;150/0
8211;157/2
8212;157/1
8213;157/5
8214;157/3
8215;152/8 жен
8216;152/4 жен
8217;0152/2 жен
8218;0153/2 жен
8219;153/2 жен
8220;153 жен
8221;0153 жен
8222;153/3 жен
8223;151/2 жен
8224;151/3 жен
8225;151 жен
8226;152/6 жен
8227;0152 жен
8228;0151 жен
8230;963/0
8231;963
8232;963/3
8233;963/2
8234;963/4
8235;0963/0
8236;00963
8237;19/22
8238;19/14
8239;19/5
8240;156/4
8241;155/1
8242;156/2
8243;155/0
8244;156/3
8245;150/6
8246;150/5
8247;150/4
8248;150/3
8249;150/2
8250;147/2
8251;00153 жен
8252;153/0 жен
8253;151/22 жен
8254;0151/1 жен
8255;151/13 жен
8256;153/33 жен
8257;151/6 жен
8258;153/22 жен
8260;153/6 жен
8261;153/4 жен
8262;151/0 жен
8263;153/5 жен
8264;"151/5 жен "
8265;154 жен
8266;0154/1 жен
8267;154/13 жен
8268;154/8 жен
8269;154/22 жен
8270;154/3 жен
8271;154/6
8272;00154/1 жен
8273;154/44 жен
8274;154/16 жен
8275;154/1 жен
8276;158/0
8277;158/0 байка
8278;160/0
8279;160/0 байка
8280;947/5
8281;947/5 байка
8282;947/0
8283;947/0 байка
8284;947/8
8285;947/8 байка
8286;947/4
8287;947/4 байка
8288;95/9 жен
8289;92/9 жен
8290;28/9 жен
8291;24/9 жен
8292;23/9 жен
8293;25/9 жен
8294;21/9 жен
8298;980
8299;979
8300;978
8301;959/4
8302;958
8303;956/1
8304;956
8305;973
8306;157/4
8307;177
8308;154/12 жен
8309;0154 жен
8310;154/15 жен
8311;154/14 жен
8312;154/11 жен
8313;"154/0 жен "
8314;151/12 жен
8315;153/12 жен
8316;151/14 жен
8317;153/14 жен
8318;153/15 жен
8319;151/15 жен
8320;153/11 жен
8321;151/11 жен
8322;103/6 жен
8323;983/2
8324;983
8325;0981/1
8326;982/33
8327;981/0
8328;969
8329;982/6
8330;967
8331;0968/1
8332;957/2
8333;959
8334;957/0
8335;965/1
8336;965
8337;164 жен
8338;984/2
8339;984/1
8340;975/2
8341;977/0
8342;971/1
8343;970/1
8344;985/1
8345;985
8346;632/0
8347;984/0
8348;972/0
8349;896/1
8350;193/1 жен
8351;193 жен
8352;00193 жен
8353;193/2 жен
8354;193/4 жен
8355;193/3 жен
8356;194 жен
8357;192 жен
8358;192/2 жен
8359;192/1 жен
8360;192/3 жен
8361;00192 жен
8362;194/2 жен
8363;192/4 жен
8364;194/1 жен
8365;194/4 жен
8366;194/3 жен
8367;00194 жен
8368;191/5 жен
8369;191/3 жен
8370;191/4 жен
8371;191/2 жен
8372;00191 жен
8373;191/1 жен
8374;191 жен
8375;00190 жен
8376;190/4 жен
8377;190/3 жен
8378;190/1 жен
8379;190/2 жен
8380;190 жен
8381;0759/1 кр байка
8382;0969/1
8383;969/1
8384;969/2
8385;965/2
8386;965/3
8387;965/4
8388;0963
8389;967/1
8390;0968
8391;968/1
8392;968
8393;0967
8394;967/3
8396;0177
8397;177/4
8398;959/33
8399;959/1
8400;973/2
8401;973/1
8402;177/2
8403;177/1
8404;958/2
8405;958/3
8406;0956
8407;958/4
8408;956/3
8409;956/2
8410;127/1 байка
8411;127/1
8412;0165 жен
8413;0184 жен
8414;168/2 жен
8415;185 жен
8416;0167 жен
8417;976
8418;972/1
8419;974/3
8420;974/1
8421;0972
8422;974
8423;972
8424;974/2
8425;970
8426;970/2
8427;970/3
8428;0971
8429;0970
8430;166/0 жен
8431;987 байка
8434;120/8 жен
8435;120/9 жен
8436;120/6 жен
8437;120/7 жен
8438;176 жен
8439;120/1 жен
8440;179/1 жен
8441;182/0 жен
8442;0031 жен
8443;159
8444;164/1 жен
8445;0164 жен
8446;0169 жен
8447;00164 жен
8448;167/7 жен
8449;00165 жен
8450;167 жен
8451;0165/1 жен
8452;167/1 жен
8453;165/1 жен
8454;165 жен
8455;168/4 жен
8456;00184 жен
8457;184 жен
8458;184/1 жен
8459;168 жен
8460;0184/1 жен
8461;168/1 жен
8462;0168 жен
8463;166/1 жен
8464;166/30 жен
8465;166 жен
8466;166/70 жен
8467;0166/0 жен
8468;160 байка
8469;160
8470;158 байка
8471;158
8472;981/4
8473;982/0
8474;994/0
8475;0988/0
8476;981
8477;981/20
8478;988/0
8479;972/2
8480;971
8481;971/2
8482;971/3
8483;974/0
8484;975/3
8485;0975
8486;975/0
8487;975
8488;977/3
8489;977
8490;977/2
8491;977/1
8492;990/20
8493;990/0
8494;0990/0
8495;989
8496;989/3
8497;0989/1
8498;989/4
8499;957/47
8500;957/4
8501;957/20
8502;128/1 жен
8503;128/1 байка
8504;128/2 жен
8505;128/2 байка
8506;204/9 жен
8507;204/30 жен
8508;0204/1 жен
8509;204 жен
8510;00204 жен
8511;210/9 жен
8512;205/0 жен
8513;170/9 жен
8514;203/9 жен
8515;0203/0 жен
8516;203/7 жен
8517;203 жен
8518;204/0 жен
8519;203/0 жен
8520;00203 жен
8521;00169 жен
8522;173 жен
8523;064/1 жен
8524;213 жен
8525;00167 жен
8526;169 жен
8528;251 жен
8529;205/7 жен
8530;0205/0 жен
8531;205/9 жен
8532;00205 жен
8533;176/2 жен
8534;179/2 жен
8535;178/8 жен
8536;208/0 жен
8537;176/4 жен
8538;176/3 жен
8539;176/12 жен
8540;00176 жен
8541;120/19 жен
8542;11/9 жен
8543;178/4 жен
8544;00178 жен
8545;178/3 жен
8546;179/3 жен
8547;178 жен
8548;179 жен
8549;179/0 жен
8550;176/0 жен
8551;178/0 жен
8552;176/14 жен
8553;178/14 жен
8554;179/14 жен
8555;178/12 жен
8556;179/12 жен
8557;180/9 жен
8558;0161/1 байка
8559;161/0 байка
8560;162 байка
8561;161 байка
8562;0162/0 байка
8563;162/0 байка
8564;162/3 байка
8565;00162 байка
8566;161/2 байка
8567;159/7
8568;0159
8569;159/3
8570;202 жен
8571;206 жен
8572;217 жен
8573;201 жен
8574;201/1 жен
8575;0201/0 жен
8576;00201 жен
8577;201/3 жен
8578;976/1
8579;976/0
8580;00212 жен
8581;170/0 жен
8582;171/1 жен
8583;0976/1
8585;978/5
8586;979/7
8587;978/1
8588;980/2
8589;980/3
8590;979/3
8591;00982
8592;994/4
8593;982/4
8594;982/30
8595;994/3
8596;981/3
8597;988
8598;988/30
8599;180/70 жен
8600;181 жен
8601;181/4 жен
8602;0180/0 жен
8603;180/4 жен
8604;180 жен
8605;180/0 жен
8606;208/30 жен
8607;0208/0 жен
8608;208/3 жен
8609;208/7 жен
8610;0208/1 жен
8611;230/30 жен
8612;170/4 жен
8613;170/70 жен
8614;170 жен
8615;230/7 жен
8616;210/70 жен
8617;0210 жен
8618;210 жен
8619;210/4 жен
8620;0216 жен
8622;217/5 жен
8623;0217/1 жен
8624;217/7 жен
8625;0206/0 жен
8626;00217 жен
8627;206/9 жен
8628;202/1 жен
8629;0202/1 жен
8630;202/5 жен
8631;206/4 жен
8632;00206 жен
8633;0206 жен
8634;214 жен
8635;214/9 жен
8636;31/12 жен
8637;31/14 жен
8638;31/13 жен
8639;31/15 жен
8640;31/10 жен
8641;224 жен
8642;225 жен
8643;220 жен
8644;221 жен
8645;223 жен
8646;1002/3
8647;1001/4
8648;211 жен
8649;211/3 жен
8650;0038/1
8651;0038/1 байка
8652;162/6 байка
8653;655/2
8654;655/6
8655;999
8656;997
8657;998
8658;0996/0
8659;997/3
8660;997/2
8661;996/2
8662;00997
8663;999/2
8664;0999
8665;00999
8666;999/4
8667;996/3
8668;996
8669;996/9
8670;997/4
8671;0996/1
8672;998/4
8673;0998
8674;998/2
8675;214/4 жен
8676;215/4 жен
8677;215/0 жен
8678;214/7 жен
8679;228/7 жен
8680;228/9 жен
8681;228/4 жен
8682;228/8 жен
8683;228/0 жен
8684;223/3 жен
8685;223/0 жен
8686;223/5 жен
8687;221/8 жен
8688;221/9 жен
8689;00224/1 жен
8690;00224 жен
8691;223/7 жен
8692;221/4 жен
8693;223/8 жен
8694;221/0 жен
8695;0224 жен
8696;224/7 жен
8697;211/7 жен
8698;00211 жен
8699;211/8 жен
8700;211/2 жен
8701;211/4 жен
8702;0225/1 жен
8703;225/70 жен
8704;225/7 жен
8705;00225 жен
8706;157/9
8708;00208 жен
8709;00232 жен
8710;230/0 жен
8711;231/4 жен
8712;216/4 жен
8713;196/0 жен
8714;197/0 жен
8715;214/12 жен
8716;214/5 жен
8717;214/3 жен
8718;214/2 жен
8719;214/14 жен
8720;216 жен
8721;216/7 жен
8722;216/9 жен
8723;220/4 жен
8724;220/8 жен
8725;220/70 жен
8726;226/3 жен
8727;227/8 жен
8728;00226 жен
8729;00227 жен
8730;770/2 кр
8731;770/2 кр байка
8732;01015
8733;01015 байка
8734;946/9
8735;946/9 байка
8736;1005/2 кр
8737;1005/2 кр байка
8738;01009
8739;01009 байка
8740;520/9
8741;520/9 байка
8742;0556/0
8743;0556/0 байка
8744;327/30
8745;327/30 байка
8746;556/30
8747;556/30 байка
8748;1003/30
8749;1003/30 байка
8750;216/0 жен
8752;167/3
8753;747
8754;747 байка
8755;751/4
8756;751/4 байка
8757;1008
8758;1008 байка
8759;1006
8760;1006 байка
8761;1012
8762;1012 байка
8763;1010
8764;1010 байка
8765;0743
8766;0743 байка
8767;608/30
8768;608/30 байка
8769;0770/1
8770;0770/1 байка
8771;0752/0 зима
8772;0752/0 байка
8773;1004/0
8774;1004/0 байка
8775;0769/1
8776;0769/1 байка
8777;0747
8778;0747 байка
8779;1007
8780;1007 байка
8781;745/3
8782;745/3 байка
8783;608/3
8784;608/3 байка
8785;608/9
8786;608/9 байка
8787;0745/1
8788;0745/1 байка
8789;1011
8790;1011 байка
8791;520/7
8792;520/7 байка
8793;0520 кр
8794;0520 кр байка
8795;510/2
8796;510 байка
8797;754 кр
8798;754 кр байка
8799;947/13
8800;947/13 байка
8801;0510 кр
8802;0510 кр байка
8803;510/3 кр
8804;510/3 кр байка
8805;327/5
8806;327/5 байка
8807;327/4
8808;327/4 байка
8809;995/3
8810;235/0
8811;236
8812;00245 байка
8813;244 байка
8814;00995
8815;995/9
8816;995
8817;0995
8818;0163 байка
8819;247 байка
8820;1017
8821;1017 байка
8822;1018
8823;1018 байка
8824;01013
8825;1014
8826;211/1 жен
8827;226/9 жен
8828;227/9 жен
8829;00177/0
8830;959 кр
8832;1011/3 байка
8833;1011/3
8834;01011/0
8835;01011/0 байка
8836;01011
8837;01011 байка
8838;1009/3 кр
8839;1009/3 кр байка
8840;01019 кр
8841;01019 кр байка
8842;1009
8843;1009 байка
8844;1019/3 кр
8845;1019/3 кр байка
8846;1019/2 кр
8847;1019/2 кр байка
8848;1009/2 кр
8849;1009/2 кр байка
8850;515/10
8851;942/4 кр
8852;942/4 кр байка
8853;940/0
8854;940/0 байка
8855;235/9
8856;00236
8857;235
8858;236/2
8859;236/3
8860;235/70
8861;235/30
8862;0163/1 байка
8863;163 байка
8864;163/0 байка
8865;0245 байка
8866;245/3 байка
8867;245 байка
8868;223/10 жен
8869;211/5 жен
8870;1014/9
8871;1014/1
8872;001014
8873;1003/5
8874;1003/5 байка
8875;01007 кр
8876;01007 кр байка
8877;1015
8878;1015 байка
8879;1015/3
8880;1015/3 байка
8881;1007/9
8882;1017/1
8883;1012/3 кр
8884;"1010/3 "
8885;1017/3
8886;1004/4
8887;1019
8888;1006/9
8889;1018/1
8890;1005/1
8891;01018/1
8892;1005/3 кр
8893;01018/0
8894;01005/1
8895;1003/1
8896;1006/3 кр
8897;1004/3 кр
8898;1007/30
8899;1004
8900;1008/2 кр
8901;01006/1
8902;01008 кр
8903;01004/1
8904;1008/3
8905;01003/0
8906;1007/9 байка
8907;1017/1 байка
8908;1012/3 кр байка
8909;1010/3 байка
8910;1017/3 байка
8911;1004/4 байка
8912;1019 байка
8913;1006/9 байка
8914;1018/1 байка
8915;1005/1 байка
8918;01018/0 байка
8919;01018/1 байка
8921;1003/1 байка
8922;1006/3 кр байка
8923;1004/3 кр байка
8924;1007/30 байка
8925;1004 байка
8926;1008/2 кр байка
8927;01006/1 байка
8928;01008 кр байка
8929;01004/1 байка
8930;1008/3 байка
8931;01003/0 байка
8932;219 жен
8933;199/2 жен
8934;0199 жен
8935;199 жен
8936;0242 байка
8937;242/3 байка
8938;242 байка
8939;242/0 байка
8940;250 байка
8941;196 жен
8942;196/13 жен
8943;196/4 жен
8944;196/8 жен
8945;0231 жен
8946;00231 жен
8947;231/6 жен
8948;231/5 жен
8949;197/13 жен
8950;197/8 жен
8951;197/4 жен
8952;00197 жен
8953;211/6
8954;00250 байка
8955;0250/1 байка
8956;250/0 байка
8957;0247/1 байка
8958;0244/1 байка
8959;244/0 байка
8960;00244 байка
8961;211/9 жен
8962;1013/1
8963;1013/2
8964;01014/1
8965;1013
8966;01014/0
8967;001015/1
8968;001015/1 байка
8969;01012
8970;01012 байка
8971;01017
8972;01017 байка
8973;1012/1
8974;1012/1 байка
8975;1010/2
8976;1010/2 байка
8977;01010/1
8978;01010/1 байка
8979;624/1
8980;620/1
8981;250 жен
8982;00250 жен
8983;0250/1 жен
8984;250/0 жен
8987;1020
8988;909/0
8989;269/4 жен
8990;268/3 жен
8991;0976
8992;267/3 жен
8993;0990
8994;968/3
8995;00914/1
8996;00784/1
8997;00630
8998;00984
8999;00935
9000;0775/1
9001;0984/1
9002;0630/1
9003;0977/1
9004;0974/1
9005;0784/1
9006;0115/1
9007;0935
9008;115
9009;0632/1
9010;"256/4 "
9011;255/4
9012;0255/1
9013;0130/1
9014;00262 жен
9015;0262
9016;256/4 байка
9017;255/4 байка
9018;0255/1 байка
9019;0130/1 байка
9020;0896/1 В
9021;0912/1 В
9022;0937/1 В
9023;0915/1 В
9024;937 В
9025;711/3
9026;"1020/4 "
9027;01020/1
9028;1020/3
9031;126
9032;126/1
9033;126/2
9034;126/22
9035;126/3
9036;17/01 байка
9037;17/1 байка
9038;17/0 байка
9039;17 байка
9040;632/4
9041;974/4
9042;0985
9043;1008/1
9044;1009/1
9045;1009/4
9046;1008/9
9047;1009/9
9048;1011/33
9049;0654
9050;654/01
9051;654/1
9052;122 жен
9053;0017 жен
9054;017 жен
9055;0060
9056;0045 жен
9057;060 жен
9058;45/1 жен
9059;122 байка
9060;0017 байка
9061;017 байка
9062;0060 байка
9063;0045 байка
9064;060 байка
9065;45/1 байка
9066;00245 жен
9067;0245 жен
9068;245/3 жен
9069;245 жен
9070;0738 кр байка
9071;738/1 байка
9072;738/4 байка
9073;738 байка
9074;233 жен
9075;249/8 жен
9076;00249 жен
9077;249/0 жен
9078;0246 байка
9079;241/0 байка
9080;0240/0 байка
9081;00237 жен
9082;238/9 жен
9083;237/1 жен
9084;0237 жен
9085;238/0 жен
9086;0238 жен
9087;237 жен
9088;243/0 жен
9089;239/0 байка
9090;233/1 жен
9091;241/7 байка
9092;241/30 байка
9093;239/30 байка
9094;248 байка
9095;240/30 байка
9096;0233/1 жен
9097;00239/1 байка
9098;233/3 жен
9099;240 байка
9100;0240 байка
9101;0239 байка
9102;254/3 жен
9104;252/3 жен
9106;00137 жен
9107;00137 байка
9108;00248 байка
9109;17/8 жен
9110;17/8 байка
9111;130/2 жен
9112;130/2 байка
9113;47/4 жен
9114;47/4 байка
9115;124/9 жен
9116;124/9 байка
9117;40/9 жен
9118;40/9 байка
9119;253/4 жен
9121;0040 жен
9122;0040 байка
9123;00119 жен
9124;00119 байка
9125;036/1 жен
9126;036/1 байка
9127;36/4 жен
9128;36/4 байка
9129;74/9 жен
9130;74/9 байка
9131;040/1 жен
9132;040/1 байка
9133;258/4 жен
9134;287/0 жен
9135;271/3 жен
9136;264/4 жен
9137;273/0 жен
9138;284/4 жен
9139;284/3 жен
9140;284 жен
9141;260 жен
9142;283/4 жен
9143;283 жен
9144;259/1 жен
9145;268 жен
9146;0268 жен
9147;00268 жен
9148;268/4 жен
9149;286 жен
9150;286/3 жен
9151;286/1 жен
9152;286/7 жен
9153;286/2 жен
9154;269/1 жен
9155;269 жен
9156;0995/0
9157;0161 зима
9158;0161 байка
9159;0537/1 зима
9160;0537/1 байка
9161;566/1
9162;781/1
9163;0781
9164;656/7
9165;0656/0
9166;770/9 зима
9167;1008/30 зима
9168;268/33 жен
9169;1011
9170;01011/0
9171;267/9 жен
9172;267/2 жен
9173;172/4 жен
9174;267/1 жен
9175;275/4 жен
9176;286/6 жен
9177;261 жен
9178;286/5 жен
9179;288 жен
9180;286/4 жен
9181;17/2 жен
9182;17/2 байка
9183;122/20 жен
9184;122/20 байка
9185;185/0 жен
9186;0185/1 жен
9187;00185 жен
9188;0185 жен
9189;165/3 жен
9190;274/4 жен
9191;263/9 жен
9192;165/7 жен
9193;00213 жен
9194;213/3 жен
9195;167/0 жен
9196;169/7 жен
9197;265/1 жен
9198;276/2 жен
9199;272 жен
9200;558/13
9201;558/14
9202;656/4
9203;558/11
9204;558/12
9205;19/15
9206;19/16
9207;0685 В
9208;781/2
9209;1020/2
9210;00258 жен
9211;259/7 жен
9212;259/4 жен
9213;258/3 жен
9214;275 жен
9215;258/7 жен
9216;275/30 жен
9217;260/7 жен
9218;275/7 жен
9219;258 жен
9220;260/9 жен
9221;260/0 жен
9222;156/5 жен
9223;282/0 жен
9224;00274 жен
9225;281 жен
9226;274/9 жен
9227;234 жен
9228;234/1 жен
9229;209/30 жен
9231;156/6 жен
9232;213/7 жен
9233;169/3 жен
9234;128/3 жен
9235;128/3 байка
9236;57 жен
9237;57 байка
9238;264/9 жен
9239;264/70 жен
9240;00264 жен
9241;264 жен
9242;271/2 жен
9243;271 жен
9244;184/7 жен
9245;0213 жен
9246;0272 жен
9247;272/7 жен
9248;276/9 жен
9249;276/3 жен
9250;265/4 жен
9252;270/9 жен
9253;277 жен
9254;596/1
9255;596/5
9256;0596/1
9257;941/2 кр зима
9258;941/2 кр байка
9259;244 жен
9260;0244/1 жен
9261;244/0 жен
9262;00244 жен
9263;783/3
9264;01014/01
9265;1014/0
9266;0702/1
9267;1014/3
9268;1022
9269;0904/0
9270;702/3
9271;1021
9272;904/30
9273;967/33
9274;967/0
9275;904/9
9276;0967/0
9278;708/8
9279;570/8
9280;461
9281;0727
9282;005/1
9283;999/9
9284;1023/9
9285;783/8
9286;1020/7
9287;254/4 жен
9288;254 жен
9289;0253 жен
9291;253 жен
9293;248/0 байка
9294;252 жен
9295;0252 жен
9296;292 жен
9298;293 жен
9299;252/9 жен
9300;188/70 жен
9301;195/0 жен
9302;276/7 жен
9303;188 жен
9304;00265 жен
9305;265/0 жен
9306;265/5 жен
9307;00272 жен
9308;198/0 жен
9309;00273 жен
9310;263/4 жен
9311;0271 жен
9312;00263 жен
9313;263/7 жен
9314;263 жен
9315;284/8 жен
9316;284/6 жен
9317;284/5 жен
9318;284/2 жен
9319;284/1 жен
9320;243/3 жен
9321;00243 жен
9322;0243 жен
9323;296/30 жен
9324;283/3 жен
9325;283/5 жен
9326;283/1 жен
9327;00269 жен
9328;150/8 жен
9329;150/7 жен
9330;150/9 жен
9331;207/7 жен
9332;274/3 жен
9333;156/7 жен
9334;150/1 жен
9335;283/0 жен
9336;209/9 жен
9337;209/70 жен
9338;00209 жен
9339;296/70 жен
9340;296/9 жен
9341;00296 жен
9342;00171 жен
9343;171/7 жен
9344;00253 жен
9345;0293 жен
9346;0292 жен
9347;281/3 жен
9348;281/2 жен
9349;281/0 жен
9350;282/4 жен
9351;282/30 жен
9352;282/70 жен
9353;00282 жен
9354;207/4 жен
9355;207/3 жен
9356;207 жен
9357;207/14 жен
9358;295/2 жен
9359;295/1 жен
9360;295 жен
9361;00181 жен
9362;172 жен
9363;182/8 жен
9364;182/9 жен
9365;172/2 жен
9366;182/4 жен
9367;172/9 жен
9368;182/70 жен
9369;172/1 жен
9370;172/3 жен
9371;172/8 жен
9372;13/12 жен
9373;172/12 жен
9374;13/4 жен
9375;13/2 жен
9376;288/2 жен
9377;288/3 жен
9378;181/8 жен
9379;272/1 жен
9380;277/3 жен
9381;277/1 жен
9382;277/9 жен
9383;277/2 жен
9384;273/7 жен
9385;00271 жен
9386;173/7 жен
9387;273/4 жен
9388;173/9 жен
9389;259 жен
9390;288/1 жен
9391;261/7 жен
9392;00105 жен
9393;105/9 жен
9394;0173 жен
9395;0171/1 жен
9396;278/3  жен
9397;280/4 жен
9398;00218 жен
9399;294/2 жен
9400;294 жен
9401;294/1 жен
9402;155/4 жен
9403;294/3 жен
9404;155/7 жен
9405;232/7 жен
9406;232 жен
9407;287/30 жен
9408;287/7 жен
9409;287/9 жен
9410;287/4 жен
9411;150/10 жен
9412;1023/30
9413;1020/5
9414;1021/3
9415;1021/0
9416;01021/0
9417;1023
9418;0667
9419;667
9420;1013/9
9421;001023
9422;461/6
9423;461/7
9424;784/9
9425;0784/0
9426;558/15
9427;722/6
9428;0722
9429;722
9430;1005/3 кр байка
9431;01005/1 байка
9432;770 байка
9433;212/3 жен
9434;265 жен
9435;265/9 жен
9436;195/3 жен
9437;195/7 жен
9438;00195 жен
9439;280/7 жен
9440;280/0 жен
9441;291/4 жен
9442;00279 жен
9443;110/70 жен
9444;110/4 жен
9445;198/3 жен
9446;198/7 жен
9447;00198 жен
9448;279/3 жен
9449;280/3 жен
9450;290 жен
9451;294/6 жен
9452;294/7 жен
9453;295/6 жен
9454;261/2 жен
9455;261/3 жен
9456;270/0 жен
9457;271/7 жен
9458;270/7 жен
9459;270/3 жен
9460;110/30 жен
9462;232/3 жен
9463;596/6
9464;596/8
9465;1020/6
9466;558/16
9467;558/19
9468;1020/1
9469;01022/1
9470;1022/0
9471;001022
9472;19/4
9473;781/5
9474;781/7
9475;19/6
9476;558/18
9477;00574/1
9478;558/17
9479;781/3
9480;29/3 жен
9481;29/9 жен
9482;73/6 жен
9483;73/7 жен
9484;73/8 жен
9485;73/9 жен
9486;0218/0 жен
9487;218 жен
9488;218/5 жен
9489;290/1 жен
9490;290/3 жен
9491;290/4 жен
9492;292/4 жен
9493;293/4 жен
9494;14/7 жен
9495;211/10 жен
9496;211/11 жен
9497;211/12 жен
9498;211/13 жен
9499;211/14 жен
9500;211/17 жен
9501;234/3 жен
9502;234/7 жен
9503;263/0 жен
9504;278 жен
9505;278/2 жен
9506;278/4 жен
9507;279/1 жен
9508;279/4 жен
9509;283/2 жен
9510;283/6 жен
9511;283/7 жен
9512;283/8 жен
9513;291 жен
9514;291/1 жен
9515;291/2 жен
9516;300 жен
9517;301 жен
9518;626/4
9519;2626
9520;26
9521;25
9522;24
9523;120/15 жен
9524;165/2 жен
9525;167/13 жен
9526;167/17 жен
9527;184/3 жен
9528;213/1 жен
9529;229/3 жен
9530;257/0 жен
9531;285 жен
9532;285/1 жен
9533;285/2 жен
9534;285/3 жен
9535;285/8 жен
9536;289/3 жен
9537;297 жен
9538;297/8 жен
9539;00298 жен
9540;298/1 жен
9541;298/2 жен
9542;298/4 жен
9543;298/5 жен
9544;299 жен
9545;300/1 жен
9546;300/4 жен
9547;301/1 жен
9548;301/2 жен
9549;301/4 жен
9550;301/8 жен
9551;302/7 жен
9552;303 жен
9553;303/1 жен
9554;303/4 жен
9555;303/7 жен
9556;303/8 жен
9557;304 байка
9558;305/3 байка
9559;306/1 байка
9560;308/1 жен
9561;309/3 жен
9562;0311/1 жен
9563;312/2 жен
9564;313 жен
9565;314 жен
9566;315/1 жен
9567;317 жен
9568;318 жен
9569;319 жен
9570;321/7 жен
9571;00323 жен
9572;0323/1 жен
9573;323/1 жен
9574;323/3 жен
9575;784
9576;304 жен
9577;305/3 жен
9578;306/1 жен
9579;0769 кр байка
9580;769/0 байка
9581;769/3 кр байка
9582;0769 байка
9583;769 байка
9584;165/13 жен
9585;166/3 жен
9586;206/3 жен
9587;213/2 жен
9588;270/1 жен
9589;302 жен
9590;302/1 жен
9591;302/3 жен
9592;307 жен
9593;309 жен
9594;310 жен
9595;310/1 жен
9596;311/3 жен
9597;00314 жен
9598;314/3 жен
9599;314/4 жен
9600;315 жен
9601;315/7 жен
9602;316 жен
9603;316/3 жен
9604;316/4 жен
9605;361/7 жен
9606;319/2 жен
9607;319/0 жен
9608;319/1 жен
9609;325 жен
9610;326/7 жен
9611;333/3 байка
9612;333/3 жен
9613;723/4
9614;760/3
9615;764/3
9617;788/8
9618;789/8 байка
9619;790/3 байка
9620;791
9621;792/4
9622;793/4
9623;794/3 байка
9624;794/3
9625;795/2
9626;795/2 байка
9627;0796 кр байка
9628;0796 кр
9629;797/0 байка
9630;797/0
9631;798 байка
9632;798
9633;0799
9634;0799 байка
9635;00800
9636;800
9637;800/3
9638;800/4
9639;801/2 кр байка
9640;801/2 кр
9641;802/30
9642;802/30 байка
9643;922/4
9644;0924/0
9645;0924/0 байка
9646;0925/0 байка
9647;0925/0
9648;933/1
9649;960/3
9650;960/3 байка
9651;0964/0 байка
9652;0964/0
9653;986 байка
9654;"986 "
9657;991/0
9658;992/8
9659;1016/2
9660;1016/8
9661;1024
9662;1025/4
9663;1026/3
9664;1027
9665;1027/1
9666;1028
9667;1029/3
9668;1030
9669;1031
9670;01032/0
9671;01033 кр
9672;305 байка
9673;305 жен
9674;0313 жен
9675;315/3 жен
9676;00316 жен
9677;773/3 байка
9678;773/3
9679;787 байка
9680;787
9681;803/0 байка
9682;803/0
9683;804/9 байка
9684;804/9
9685;1027/0
9686;0304 жен
9687;304/0 жен
9688;304/0 байка
9689;0304 байка
9690;0305 жен
9691;305/0 жен
9692;0305 байка
9693;305/0 байка
9694;0306 жен
9695;306 жен
9696;306/7 жен
9697;0306 байка
9698;306 байка
9699;306/7 байка
9700;309/0 жен
9701;309/7 жен
9702;310/7 жен
9703;311 жен
9704;312 жен
9705;312/3 жен
9706;313/3 жен
9707;317/0 жен
9708;317/1 жен
9709;318/1 жен
9710;318/3 жен
9711;318/7 жен
9712;325/1 жен
9713;325/2 жен
9714;325/3 жен
9715;325/4 жен
9716;327 жен
9717;327 байка
9718;328 жен
9719;328 байка
9720;329 жен
9721;329 байка
9722;330 жен
9723;330 байка
9724;331 жен
9725;331 байка
9726;332 жен
9727;332 байка
9728;334 жен
9729;334 байка
9730;335/1 жен
9731;335/1 байка
9732;336/3 жен
9733;336/3 байка
9734;337/1 жен
9735;340/7 жен
9736;0341 жен
9737;0345 жен
9738;0345 байка
9739;352/7 байка
9740;352/7 жен
9741;346/4 жен
9742;760/1
9743;760/4
9744;760/9
9745;764/2
9746;764/4
9747;0773
9748;0773 байка
9749;773 байка
9750;"773  "
9751;773/4
9752;773/4 байка
9753;785/3
9754;785/3 байка
9755;786 кр
9757;0787 кр байка
9758;"0787 кр "
9759;"787/3 "
9760;787/3 байка
9761;805/1
9762;809/9
9765;810/2 кр
9766;811/2 кр
9769;811/9
9770;812/2 кр
9773;812/9
9774;813/30
9775;1001
9776;01030/0
9777;1030/3
9778;1031/2
9779;1031/4
9780;1031/9
9781;1032
9782;1032/0
9783;1032/30
9784;764
9785;0765
9786;0765 байка
9787;765
9788;765 байка
9789;765/3
9790;765/3 байка
9791;765/4
9792;765/4 байка
9793;0785
9794;785
9795;785/4
9796;0785 байка
9797;785 байка
9798;785/4 байка
9799;0786 кр
9800;"786 "
9801;786/3 кр
9802;1028/3
9803;1028/4
9804;1028/9
9805;01029
9806;1029
9807;1029/4
9808;1030/4
9809;1034
9810;229 жен
9811;307/1 жен
9812;307/7 жен
9813;0308 жен
9814;0685
9815;685
9816;126/0 жен
9817;126/3 жен
9818;126/3 байка
9819;126/0 байка
9820;167/4 жен
9821;229/4 жен
9822;229/7 жен
9823;289/1 жен
9824;289/4 жен
9825;289/7 жен
9826;302/4 жен
9827;308 жен
9828;310/3 жен
9829;0327 жен
9830;327/1 жен
9831;327/3 жен
9832;327/3 байка
9833;327/1 байка
9834;0327 байка
9835;0328 жен
9836;328/3 жен
9837;328/7 жен
9838;328/7 байка
9839;328/3 байка
9840;0328 байка
9841;0329 жен
9842;329/0 жен
9843;329/3 жен
9844;329/3 байка
9845;329/0 байка
9846;0329 байка
9847;0330 жен
9848;330/4 жен
9849;330/7 жен
9850;0331 жен
9851;331/0 жен
9852;331/0 байка
9853;0331 байка
9854;330/7 байка
9855;330/4 байка
9856;0330 байка
9857;0332 жен
9858;332/7 жен
9859;332/7 байка
9860;0332 байка
9861;338 жен
9862;338 байка
9863;342 жен
9864;342 байка
9865;343 жен
9866;343 байка
9867;344 жен
9868;344 байка
9869;348 жен
9870;348 байка
9871;348/9 жен
9872;348/9 байка
9873;348/20 жен
9874;348/20 байка
9875;349/3 жен
9876;349/3 байка
9877;350/1 жен
9878;0351 жен
9879;351 жен
9880;351/20 жен
9881;351/20 байка
9882;351 байка
9883;0351 байка
9884;0357/0 жен
9885;357/3 жен
9886;357/3 байка
9887;0357/0 байка
9888;0358 жен
9889;359 жен
9890;0360 жен
9891;360/3 жен
9892;360/3 байка
9893;0360 байка
9894;359 байка
9895;0358 байка
9896;133/7 жен
9897;133/7 байка
9898;184/2 жен
9899;184/4 жен
9900;184/17 жен
9901;245/7 жен
9902;245/13 жен
9903;245/13 байка
9904;245/7 байка
9905;299/1 жен
9906;299/2 жен
9907;299/3 жен
9908;299/4 жен
9909;307/3 жен
9910;308/7 жен
9911;310/2 жен
9912;320 жен
9913;0338 жен
9914;338/3 жен
9915;338/3 байка
9916;0338 байка
9922;354 байка
9923;355/0 байка
9924;355/4 байка
9925;355/30 байка
9926;355/70 байка
9927;356/4 жен
9928;362/7 жен
9929;362/7 байка
9930;350/70 жен
9931;723
9932;723/3
9933;723/7
9934;1032/1
9935;353/70 жен
9936;353/70 байка
9937;286/8 жен
9938;356 жен
9939;356/3 жен
9940;356/8 жен
